Name,Label
donkey (1),donkey
donkey (10),donkey
donkey (100),donkey
donkey (101),donkey
donkey (102),donkey
donkey (103),donkey
donkey (104),donkey
donkey (105),donkey
donkey (106),donkey
donkey (107),donkey
donkey (108),donkey
donkey (109),donkey
donkey (11),donkey
donkey (110),donkey
donkey (111),donkey
donkey (112),donkey
donkey (113),donkey
donkey (114),donkey
donkey (115),donkey
donkey (116),donkey
donkey (117),donkey
donkey (118),donkey
donkey (119),donkey
donkey (12),donkey
donkey (120),donkey
donkey (121),donkey
donkey (122),donkey
donkey (123),donkey
donkey (124),donkey
donkey (125),donkey
donkey (126),donkey
donkey (127),donkey
donkey (128),donkey
donkey (129),donkey
donkey (13),donkey
donkey (130),donkey
donkey (131),donkey
donkey (132),donkey
donkey (133),donkey
donkey (134),donkey
donkey (135),donkey
donkey (136),donkey
donkey (137),donkey
donkey (138),donkey
donkey (139),donkey
donkey (14),donkey
donkey (140),donkey
donkey (141),donkey
donkey (142),donkey
donkey (143),donkey
donkey (144),donkey
donkey (145),donkey
donkey (146),donkey
donkey (147),donkey
donkey (148),donkey
donkey (149),donkey
donkey (15),donkey
donkey (150),donkey
donkey (151),donkey
donkey (152),donkey
donkey (153),donkey
donkey (154),donkey
donkey (155),donkey
donkey (156),donkey
donkey (157),donkey
donkey (158),donkey
donkey (159),donkey
donkey (16),donkey
donkey (160),donkey
donkey (161),donkey
donkey (162),donkey
donkey (163),donkey
donkey (164),donkey
donkey (165),donkey
donkey (166),donkey
donkey (167),donkey
donkey (168),donkey
donkey (169),donkey
donkey (17),donkey
donkey (170),donkey
donkey (171),donkey
donkey (172),donkey
donkey (173),donkey
donkey (174),donkey
donkey (175),donkey
donkey (176),donkey
donkey (177),donkey
donkey (178),donkey
donkey (179),donkey
donkey (18),donkey
donkey (180),donkey
donkey (181),donkey
donkey (182),donkey
donkey (183),donkey
donkey (184),donkey
donkey (185),donkey
donkey (186),donkey
donkey (187),donkey
donkey (188),donkey
donkey (189),donkey
donkey (19),donkey
donkey (190),donkey
donkey (191),donkey
donkey (192),donkey
donkey (193),donkey
donkey (194),donkey
donkey (195),donkey
donkey (196),donkey
donkey (197),donkey
donkey (198),donkey
donkey (199),donkey
donkey (2),donkey
donkey (20),donkey
donkey (200),donkey
donkey (201),donkey
donkey (202),donkey
donkey (203),donkey
donkey (204),donkey
donkey (205),donkey
donkey (206),donkey
donkey (207),donkey
donkey (208),donkey
donkey (209),donkey
donkey (21),donkey
donkey (210),donkey
donkey (211),donkey
donkey (212),donkey
donkey (213),donkey
donkey (214),donkey
donkey (215),donkey
donkey (216),donkey
donkey (217),donkey
donkey (218),donkey
donkey (219),donkey
donkey (22),donkey
donkey (220),donkey
donkey (221),donkey
donkey (222),donkey
donkey (223),donkey
donkey (224),donkey
donkey (225),donkey
donkey (226),donkey
donkey (227),donkey
donkey (228),donkey
donkey (229),donkey
donkey (23),donkey
donkey (230),donkey
donkey (231),donkey
donkey (232),donkey
donkey (233),donkey
donkey (234),donkey
donkey (235),donkey
donkey (236),donkey
donkey (237),donkey
donkey (238),donkey
donkey (239),donkey
donkey (24),donkey
donkey (240),donkey
donkey (241),donkey
donkey (242),donkey
donkey (243),donkey
donkey (244),donkey
donkey (245),donkey
donkey (246),donkey
donkey (247),donkey
donkey (248),donkey
donkey (249),donkey
donkey (25),donkey
donkey (250),donkey
donkey (251),donkey
donkey (252),donkey
donkey (253),donkey
donkey (254),donkey
donkey (255),donkey
donkey (256),donkey
donkey (257),donkey
donkey (258),donkey
donkey (259),donkey
donkey (26),donkey
donkey (260),donkey
donkey (261),donkey
donkey (262),donkey
donkey (263),donkey
donkey (264),donkey
donkey (265),donkey
donkey (266),donkey
donkey (267),donkey
donkey (268),donkey
donkey (269),donkey
donkey (27),donkey
donkey (270),donkey
donkey (271),donkey
donkey (272),donkey
donkey (273),donkey
donkey (274),donkey
donkey (275),donkey
donkey (276),donkey
donkey (277),donkey
donkey (278),donkey
donkey (279),donkey
donkey (28),donkey
donkey (280),donkey
donkey (281),donkey
donkey (282),donkey
donkey (283),donkey
donkey (284),donkey
donkey (285),donkey
donkey (286),donkey
donkey (287),donkey
donkey (288),donkey
donkey (289),donkey
donkey (29),donkey
donkey (290),donkey
donkey (291),donkey
donkey (292),donkey
donkey (293),donkey
donkey (294),donkey
donkey (295),donkey
donkey (296),donkey
donkey (297),donkey
donkey (298),donkey
donkey (299),donkey
donkey (3),donkey
donkey (30),donkey
donkey (300),donkey
donkey (301),donkey
donkey (302),donkey
donkey (303),donkey
donkey (304),donkey
donkey (305),donkey
donkey (306),donkey
donkey (307),donkey
donkey (308),donkey
donkey (309),donkey
donkey (31),donkey
donkey (310),donkey
donkey (311),donkey
donkey (312),donkey
donkey (313),donkey
donkey (314),donkey
donkey (315),donkey
donkey (316),donkey
donkey (317),donkey
donkey (318),donkey
donkey (319),donkey
donkey (32),donkey
donkey (320),donkey
donkey (321),donkey
donkey (322),donkey
donkey (323),donkey
donkey (324),donkey
donkey (325),donkey
donkey (326),donkey
donkey (327),donkey
donkey (328),donkey
donkey (329),donkey
donkey (33),donkey
donkey (330),donkey
donkey (331),donkey
donkey (332),donkey
donkey (333),donkey
donkey (334),donkey
donkey (335),donkey
donkey (336),donkey
donkey (337),donkey
donkey (338),donkey
donkey (339),donkey
donkey (34),donkey
donkey (340),donkey
donkey (341),donkey
donkey (342),donkey
donkey (343),donkey
donkey (344),donkey
donkey (345),donkey
donkey (346),donkey
donkey (347),donkey
donkey (348),donkey
donkey (349),donkey
donkey (35),donkey
donkey (350),donkey
donkey (351),donkey
donkey (352),donkey
donkey (353),donkey
donkey (354),donkey
donkey (355),donkey
donkey (356),donkey
donkey (357),donkey
donkey (358),donkey
donkey (359),donkey
donkey (36),donkey
donkey (360),donkey
donkey (361),donkey
donkey (362),donkey
donkey (363),donkey
donkey (364),donkey
donkey (365),donkey
donkey (366),donkey
donkey (367),donkey
donkey (368),donkey
donkey (369),donkey
donkey (37),donkey
donkey (370),donkey
donkey (371),donkey
donkey (372),donkey
donkey (373),donkey
donkey (374),donkey
donkey (375),donkey
donkey (376),donkey
donkey (377),donkey
donkey (378),donkey
donkey (379),donkey
donkey (38),donkey
donkey (380),donkey
donkey (381),donkey
donkey (382),donkey
donkey (383),donkey
donkey (384),donkey
donkey (385),donkey
donkey (386),donkey
donkey (387),donkey
donkey (388),donkey
donkey (389),donkey
donkey (39),donkey
donkey (390),donkey
donkey (391),donkey
donkey (392),donkey
donkey (393),donkey
donkey (394),donkey
donkey (395),donkey
donkey (396),donkey
donkey (397),donkey
donkey (398),donkey
donkey (399),donkey
donkey (4),donkey
donkey (40),donkey
donkey (400),donkey
donkey (401),donkey
donkey (402),donkey
donkey (403),donkey
donkey (404),donkey
donkey (405),donkey
donkey (406),donkey
donkey (407),donkey
donkey (408),donkey
donkey (409),donkey
donkey (41),donkey
donkey (410),donkey
donkey (411),donkey
donkey (412),donkey
donkey (413),donkey
donkey (414),donkey
donkey (415),donkey
donkey (416),donkey
donkey (417),donkey
donkey (418),donkey
donkey (419),donkey
donkey (42),donkey
donkey (420),donkey
donkey (421),donkey
donkey (422),donkey
donkey (423),donkey
donkey (424),donkey
donkey (425),donkey
donkey (426),donkey
donkey (427),donkey
donkey (428),donkey
donkey (429),donkey
donkey (43),donkey
donkey (430),donkey
donkey (431),donkey
donkey (432),donkey
donkey (433),donkey
donkey (434),donkey
donkey (435),donkey
donkey (436),donkey
donkey (437),donkey
donkey (438),donkey
donkey (439),donkey
donkey (44),donkey
donkey (440),donkey
donkey (441),donkey
donkey (442),donkey
donkey (443),donkey
donkey (444),donkey
donkey (445),donkey
donkey (446),donkey
donkey (447),donkey
donkey (448),donkey
donkey (449),donkey
donkey (45),donkey
donkey (450),donkey
donkey (451),donkey
donkey (452),donkey
donkey (453),donkey
donkey (454),donkey
donkey (455),donkey
donkey (456),donkey
donkey (457),donkey
donkey (458),donkey
donkey (459),donkey
donkey (46),donkey
donkey (460),donkey
donkey (461),donkey
donkey (462),donkey
donkey (463),donkey
donkey (464),donkey
donkey (465),donkey
donkey (466),donkey
donkey (467),donkey
donkey (468),donkey
donkey (469),donkey
donkey (47),donkey
donkey (470),donkey
donkey (471),donkey
donkey (472),donkey
donkey (473),donkey
donkey (474),donkey
donkey (475),donkey
donkey (476),donkey
donkey (477),donkey
donkey (478),donkey
donkey (479),donkey
donkey (48),donkey
donkey (480),donkey
donkey (481),donkey
donkey (482),donkey
donkey (483),donkey
donkey (484),donkey
donkey (485),donkey
donkey (486),donkey
donkey (487),donkey
donkey (488),donkey
donkey (489),donkey
donkey (49),donkey
donkey (490),donkey
donkey (491),donkey
donkey (492),donkey
donkey (493),donkey
donkey (494),donkey
donkey (495),donkey
donkey (496),donkey
donkey (497),donkey
donkey (498),donkey
donkey (499),donkey
donkey (5),donkey
donkey (50),donkey
donkey (51),donkey
donkey (52),donkey
donkey (53),donkey
donkey (54),donkey
donkey (55),donkey
donkey (56),donkey
donkey (57),donkey
donkey (58),donkey
donkey (59),donkey
donkey (6),donkey
donkey (60),donkey
donkey (61),donkey
donkey (62),donkey
donkey (63),donkey
donkey (64),donkey
donkey (65),donkey
donkey (66),donkey
donkey (67),donkey
donkey (68),donkey
donkey (69),donkey
donkey (7),donkey
donkey (70),donkey
donkey (71),donkey
donkey (72),donkey
donkey (73),donkey
donkey (74),donkey
donkey (75),donkey
donkey (76),donkey
donkey (77),donkey
donkey (78),donkey
donkey (79),donkey
donkey (8),donkey
donkey (80),donkey
donkey (81),donkey
donkey (82),donkey
donkey (83),donkey
donkey (84),donkey
donkey (85),donkey
donkey (86),donkey
donkey (87),donkey
donkey (88),donkey
donkey (89),donkey
donkey (9),donkey
donkey (90),donkey
donkey (91),donkey
donkey (92),donkey
donkey (93),donkey
donkey (94),donkey
donkey (95),donkey
donkey (96),donkey
donkey (97),donkey
donkey (98),donkey
donkey (99),donkey
horse (1),horse
horse (10),horse
horse (100),horse
horse (101),horse
horse (102),horse
horse (103),horse
horse (104),horse
horse (105),horse
horse (106),horse
horse (107),horse
horse (108),horse
horse (109),horse
horse (11),horse
horse (110),horse
horse (111),horse
horse (112),horse
horse (113),horse
horse (114),horse
horse (115),horse
horse (116),horse
horse (117),horse
horse (118),horse
horse (119),horse
horse (12),horse
horse (120),horse
horse (121),horse
horse (122),horse
horse (123),horse
horse (124),horse
horse (125),horse
horse (126),horse
horse (127),horse
horse (128),horse
horse (129),horse
horse (13),horse
horse (130),horse
horse (131),horse
horse (132),horse
horse (133),horse
horse (134),horse
horse (135),horse
horse (136),horse
horse (137),horse
horse (138),horse
horse (139),horse
horse (14),horse
horse (140),horse
horse (141),horse
horse (142),horse
horse (143),horse
horse (144),horse
horse (145),horse
horse (146),horse
horse (147),horse
horse (148),horse
horse (149),horse
horse (15),horse
horse (150),horse
horse (151),horse
horse (152),horse
horse (153),horse
horse (154),horse
horse (155),horse
horse (156),horse
horse (157),horse
horse (158),horse
horse (159),horse
horse (16),horse
horse (160),horse
horse (161),horse
horse (162),horse
horse (163),horse
horse (164),horse
horse (165),horse
horse (166),horse
horse (167),horse
horse (168),horse
horse (169),horse
horse (17),horse
horse (170),horse
horse (171),horse
horse (172),horse
horse (173),horse
horse (174),horse
horse (175),horse
horse (176),horse
horse (177),horse
horse (178),horse
horse (179),horse
horse (18),horse
horse (180),horse
horse (181),horse
horse (182),horse
horse (183),horse
horse (184),horse
horse (185),horse
horse (186),horse
horse (187),horse
horse (188),horse
horse (189),horse
horse (19),horse
horse (190),horse
horse (191),horse
horse (192),horse
horse (193),horse
horse (194),horse
horse (195),horse
horse (196),horse
horse (197),horse
horse (198),horse
horse (199),horse
horse (2),horse
horse (20),horse
horse (200),horse
horse (201),horse
horse (202),horse
horse (203),horse
horse (204),horse
horse (205),horse
horse (206),horse
horse (207),horse
horse (208),horse
horse (209),horse
horse (21),horse
horse (210),horse
horse (211),horse
horse (212),horse
horse (213),horse
horse (214),horse
horse (215),horse
horse (216),horse
horse (217),horse
horse (218),horse
horse (219),horse
horse (22),horse
horse (220),horse
horse (221),horse
horse (222),horse
horse (223),horse
horse (224),horse
horse (225),horse
horse (226),horse
horse (227),horse
horse (228),horse
horse (229),horse
horse (23),horse
horse (230),horse
horse (231),horse
horse (232),horse
horse (233),horse
horse (234),horse
horse (235),horse
horse (236),horse
horse (237),horse
horse (238),horse
horse (239),horse
horse (24),horse
horse (240),horse
horse (241),horse
horse (242),horse
horse (243),horse
horse (244),horse
horse (245),horse
horse (246),horse
horse (247),horse
horse (248),horse
horse (249),horse
horse (25),horse
horse (250),horse
horse (251),horse
horse (252),horse
horse (253),horse
horse (254),horse
horse (255),horse
horse (256),horse
horse (257),horse
horse (258),horse
horse (259),horse
horse (26),horse
horse (260),horse
horse (261),horse
horse (262),horse
horse (263),horse
horse (264),horse
horse (265),horse
horse (266),horse
horse (267),horse
horse (268),horse
horse (269),horse
horse (27),horse
horse (270),horse
horse (271),horse
horse (272),horse
horse (273),horse
horse (274),horse
horse (275),horse
horse (276),horse
horse (277),horse
horse (278),horse
horse (279),horse
horse (28),horse
horse (280),horse
horse (281),horse
horse (282),horse
horse (283),horse
horse (284),horse
horse (285),horse
horse (286),horse
horse (287),horse
horse (288),horse
horse (289),horse
horse (29),horse
horse (290),horse
horse (291),horse
horse (292),horse
horse (293),horse
horse (294),horse
horse (295),horse
horse (296),horse
horse (297),horse
horse (298),horse
horse (299),horse
horse (3),horse
horse (30),horse
horse (300),horse
horse (301),horse
horse (302),horse
horse (303),horse
horse (304),horse
horse (305),horse
horse (306),horse
horse (307),horse
horse (308),horse
horse (309),horse
horse (31),horse
horse (311),horse
horse (312),horse
horse (313),horse
horse (314),horse
horse (315),horse
horse (316),horse
horse (317),horse
horse (318),horse
horse (319),horse
horse (32),horse
horse (320),horse
horse (321),horse
horse (322),horse
horse (323),horse
horse (324),horse
horse (325),horse
horse (326),horse
horse (327),horse
horse (328),horse
horse (329),horse
horse (33),horse
horse (330),horse
horse (331),horse
horse (332),horse
horse (333),horse
horse (334),horse
horse (335),horse
horse (336),horse
horse (337),horse
horse (338),horse
horse (339),horse
horse (34),horse
horse (340),horse
horse (341),horse
horse (342),horse
horse (343),horse
horse (344),horse
horse (345),horse
horse (346),horse
horse (347),horse
horse (348),horse
horse (349),horse
horse (35),horse
horse (350),horse
horse (351),horse
horse (352),horse
horse (353),horse
horse (354),horse
horse (355),horse
horse (356),horse
horse (357),horse
horse (358),horse
horse (359),horse
horse (36),horse
horse (360),horse
horse (361),horse
horse (362),horse
horse (363),horse
horse (364),horse
horse (365),horse
horse (366),horse
horse (367),horse
horse (368),horse
horse (369),horse
horse (37),horse
horse (370),horse
horse (371),horse
horse (372),horse
horse (373),horse
horse (374),horse
horse (375),horse
horse (376),horse
horse (377),horse
horse (378),horse
horse (379),horse
horse (38),horse
horse (380),horse
horse (381),horse
horse (382),horse
horse (383),horse
horse (384),horse
horse (385),horse
horse (386),horse
horse (387),horse
horse (388),horse
horse (389),horse
horse (39),horse
horse (390),horse
horse (391),horse
horse (392),horse
horse (393),horse
horse (394),horse
horse (395),horse
horse (396),horse
horse (397),horse
horse (398),horse
horse (399),horse
horse (4),horse
horse (40),horse
horse (400),horse
horse (401),horse
horse (402),horse
horse (403),horse
horse (404),horse
horse (405),horse
horse (406),horse
horse (407),horse
horse (408),horse
horse (409),horse
horse (41),horse
horse (410),horse
horse (411),horse
horse (412),horse
horse (413),horse
horse (414),horse
horse (415),horse
horse (416),horse
horse (417),horse
horse (418),horse
horse (419),horse
horse (42),horse
horse (420),horse
horse (421),horse
horse (422),horse
horse (423),horse
horse (424),horse
horse (425),horse
horse (426),horse
horse (427),horse
horse (428),horse
horse (429),horse
horse (43),horse
horse (430),horse
horse (431),horse
horse (432),horse
horse (433),horse
horse (434),horse
horse (435),horse
horse (436),horse
horse (437),horse
horse (438),horse
horse (439),horse
horse (44),horse
horse (440),horse
horse (441),horse
horse (442),horse
horse (443),horse
horse (444),horse
horse (445),horse
horse (446),horse
horse (447),horse
horse (448),horse
horse (449),horse
horse (45),horse
horse (450),horse
horse (451),horse
horse (452),horse
horse (453),horse
horse (454),horse
horse (455),horse
horse (456),horse
horse (457),horse
horse (458),horse
horse (459),horse
horse (46),horse
horse (460),horse
horse (461),horse
horse (462),horse
horse (463),horse
horse (464),horse
horse (465),horse
horse (466),horse
horse (467),horse
horse (468),horse
horse (469),horse
horse (47),horse
horse (470),horse
horse (471),horse
horse (472),horse
horse (473),horse
horse (474),horse
horse (475),horse
horse (476),horse
horse (477),horse
horse (478),horse
horse (479),horse
horse (48),horse
horse (480),horse
horse (481),horse
horse (49),horse
horse (5),horse
horse (50),horse
horse (51),horse
horse (52),horse
horse (53),horse
horse (54),horse
horse (55),horse
horse (56),horse
horse (57),horse
horse (58),horse
horse (59),horse
horse (6),horse
horse (60),horse
horse (61),horse
horse (62),horse
horse (63),horse
horse (64),horse
horse (65),horse
horse (66),horse
horse (67),horse
horse (68),horse
horse (69),horse
horse (7),horse
horse (70),horse
horse (71),horse
horse (72),horse
horse (73),horse
horse (74),horse
horse (75),horse
horse (76),horse
horse (77),horse
horse (78),horse
horse (79),horse
horse (8),horse
horse (80),horse
horse (81),horse
horse (82),horse
horse (83),horse
horse (84),horse
horse (85),horse
horse (86),horse
horse (87),horse
horse (88),horse
horse (89),horse
horse (9),horse
horse (90),horse
horse (91),horse
horse (92),horse
horse (93),horse
horse (94),horse
horse (95),horse
horse (96),horse
horse (97),horse
horse (98),horse
horse (99),horse
zebra (1),zebra
zebra (1),zebra
zebra (1),zebra
zebra (1),zebra
zebra (1),zebra
zebra (10),zebra
zebra (10),zebra
zebra (100),zebra
zebra (101),zebra
zebra (102),zebra
zebra (103),zebra
zebra (104),zebra
zebra (105),zebra
zebra (106),zebra
zebra (107),zebra
zebra (108),zebra
zebra (109),zebra
zebra (11),zebra
zebra (11),zebra
zebra (110),zebra
zebra (111),zebra
zebra (112),zebra
zebra (113),zebra
zebra (114),zebra
zebra (115),zebra
zebra (116),zebra
zebra (117),zebra
zebra (118),zebra
zebra (119),zebra
zebra (12),zebra
zebra (12),zebra
zebra (120),zebra
zebra (121),zebra
zebra (122),zebra
zebra (123),zebra
zebra (124),zebra
zebra (125),zebra
zebra (126),zebra
zebra (127),zebra
zebra (128),zebra
zebra (129),zebra
zebra (13),zebra
zebra (13),zebra
zebra (130),zebra
zebra (131),zebra
zebra (132),zebra
zebra (133),zebra
zebra (134),zebra
zebra (135),zebra
zebra (136),zebra
zebra (137),zebra
zebra (138),zebra
zebra (139),zebra
zebra (14),zebra
zebra (14),zebra
zebra (140),zebra
zebra (141),zebra
zebra (142),zebra
zebra (143),zebra
zebra (144),zebra
zebra (145),zebra
zebra (146),zebra
zebra (147),zebra
zebra (148),zebra
zebra (149),zebra
zebra (15),zebra
zebra (15),zebra
zebra (150),zebra
zebra (151),zebra
zebra (152),zebra
zebra (153),zebra
zebra (154),zebra
zebra (155),zebra
zebra (156),zebra
zebra (157),zebra
zebra (158),zebra
zebra (159),zebra
zebra (16),zebra
zebra (16),zebra
zebra (160),zebra
zebra (161),zebra
zebra (162),zebra
zebra (163),zebra
zebra (164),zebra
zebra (165),zebra
zebra (166),zebra
zebra (167),zebra
zebra (168),zebra
zebra (169),zebra
zebra (17),zebra
zebra (17),zebra
zebra (170),zebra
zebra (171),zebra
zebra (172),zebra
zebra (173),zebra
zebra (174),zebra
zebra (175),zebra
zebra (176),zebra
zebra (177),zebra
zebra (178),zebra
zebra (179),zebra
zebra (18),zebra
zebra (18),zebra
zebra (180),zebra
zebra (181),zebra
zebra (182),zebra
zebra (183),zebra
zebra (184),zebra
zebra (185),zebra
zebra (186),zebra
zebra (187),zebra
zebra (188),zebra
zebra (189),zebra
zebra (19),zebra
zebra (19),zebra
zebra (190),zebra
zebra (191),zebra
zebra (192),zebra
zebra (193),zebra
zebra (194),zebra
zebra (195),zebra
zebra (196),zebra
zebra (197),zebra
zebra (198),zebra
zebra (199),zebra
zebra (2),zebra
zebra (2),zebra
zebra (2),zebra
zebra (2),zebra
zebra (2),zebra
zebra (20),zebra
zebra (20),zebra
zebra (200),zebra
zebra (201),zebra
zebra (202),zebra
zebra (203),zebra
zebra (204),zebra
zebra (205),zebra
zebra (206),zebra
zebra (207),zebra
zebra (208),zebra
zebra (209),zebra
zebra (21),zebra
zebra (210),zebra
zebra (211),zebra
zebra (212),zebra
zebra (213),zebra
zebra (214),zebra
zebra (215),zebra
zebra (216),zebra
zebra (217),zebra
zebra (218),zebra
zebra (219),zebra
zebra (22),zebra
zebra (220),zebra
zebra (221),zebra
zebra (222),zebra
zebra (223),zebra
zebra (224),zebra
zebra (225),zebra
zebra (226),zebra
zebra (227),zebra
zebra (228),zebra
zebra (229),zebra
zebra (23),zebra
zebra (230),zebra
zebra (231),zebra
zebra (232),zebra
zebra (233),zebra
zebra (234),zebra
zebra (235),zebra
zebra (236),zebra
zebra (237),zebra
zebra (238),zebra
zebra (239),zebra
zebra (24),zebra
zebra (240),zebra
zebra (241),zebra
zebra (242),zebra
zebra (243),zebra
zebra (244),zebra
zebra (245),zebra
zebra (246),zebra
zebra (247),zebra
zebra (248),zebra
zebra (249),zebra
zebra (25),zebra
zebra (250),zebra
zebra (251),zebra
zebra (252),zebra
zebra (253),zebra
zebra (254),zebra
zebra (255),zebra
zebra (256),zebra
zebra (257),zebra
zebra (258),zebra
zebra (259),zebra
zebra (26),zebra
zebra (260),zebra
zebra (261),zebra
zebra (262),zebra
zebra (263),zebra
zebra (27),zebra
zebra (28),zebra
zebra (29),zebra
zebra (3),zebra
zebra (3),zebra
zebra (3),zebra
zebra (3),zebra
zebra (3),zebra
zebra (30),zebra
zebra (31),zebra
zebra (32),zebra
zebra (33),zebra
zebra (34),zebra
zebra (35),zebra
zebra (36),zebra
zebra (37),zebra
zebra (38),zebra
zebra (39),zebra
zebra (4),zebra
zebra (4),zebra
zebra (4),zebra
zebra (4),zebra
zebra (40),zebra
zebra (41),zebra
zebra (42),zebra
zebra (43),zebra
zebra (44),zebra
zebra (45),zebra
zebra (46),zebra
zebra (47),zebra
zebra (48),zebra
zebra (49),zebra
zebra (5),zebra
zebra (5),zebra
zebra (5),zebra
zebra (5),zebra
zebra (50),zebra
zebra (51),zebra
zebra (52),zebra
zebra (53),zebra
zebra (54),zebra
zebra (55),zebra
zebra (56),zebra
zebra (57),zebra
zebra (58),zebra
zebra (59),zebra
zebra (6),zebra
zebra (6),zebra
zebra (6),zebra
zebra (6),zebra
zebra (60),zebra
zebra (61),zebra
zebra (62),zebra
zebra (63),zebra
zebra (64),zebra
zebra (65),zebra
zebra (66),zebra
zebra (67),zebra
zebra (68),zebra
zebra (69),zebra
zebra (7),zebra
zebra (7),zebra
zebra (7),zebra
zebra (70),zebra
zebra (71),zebra
zebra (72),zebra
zebra (73),zebra
zebra (74),zebra
zebra (75),zebra
zebra (76),zebra
zebra (77),zebra
zebra (78),zebra
zebra (79),zebra
zebra (8),zebra
zebra (8),zebra
zebra (8),zebra
zebra (80),zebra
zebra (81),zebra
zebra (82),zebra
zebra (83),zebra
zebra (84),zebra
zebra (85),zebra
zebra (86),zebra
zebra (87),zebra
zebra (88),zebra
zebra (89),zebra
zebra (9),zebra
zebra (9),zebra
zebra (90),zebra
zebra (91),zebra
zebra (92),zebra
zebra (93),zebra
zebra (94),zebra
zebra (95),zebra
zebra (96),zebra
zebra (97),zebra
zebra (98),zebra
zebra (99),zebra
